n_spots,rank_by_buffer,plan_id,R,P_fail,CI_95,n_fail,Z1,Z2,Z3,Z4,Z4_mean,selected,selected_by_day,buffers,Tks,P_fail_day1,P_fail_day2,P_fail_day3,P_fail_day4,P_fail_day5
5,1,S5_buffer_rank01,0.4074,0.5926,0.013619538920125013,2963,37.4,4.999999999999999,0.1599999999999993,3.6999999999999993,6.1,"A10,A3,A5,A7,A8","A10,A3,A5,A8,A7","4.5000,7.9000,7.3000,7.1000,3.7000","5.0000,4.6000,5.2000,5.4000,4.3000",0.1002,0.0284,0.0588,0.0756,0.4532
5,2,S5_buffer_rank02,0.4262,0.5738,0.01370749398027225,2869,37.4,4.999999999999999,0.1599999999999993,3.6999999999999993,6.1,"A10,A3,A5,A7,A8","A3,A5,A8,A10,A7","4.9000,7.3000,7.1000,7.5000,3.7000","4.6000,5.2000,5.4000,5.0000,4.3000",0.0746,0.0612,0.0752,0.0484,0.4452
5,3,S5_buffer_rank03,0.38639999999999997,0.6136,0.013496846340267788,3068,37.4,4.999999999999999,0.1599999999999993,3.6999999999999993,6.1,"A10,A3,A5,A7,A8","A8,A10,A5,A3,A7","4.1000,7.5000,7.3000,7.9000,3.7000","5.4000,5.0000,5.2000,4.6000,4.3000",0.202,0.0516,0.056,0.027,0.452
5,4,S5_buffer_rank04,0.41159999999999997,0.5884,0.01364096467486079,2942,37.4,4.999999999999999,0.1599999999999993,3.6999999999999993,6.1,"A10,A3,A5,A7,A8","A3,A5,A10,A8,A7","4.9000,7.3000,7.5000,7.1000,3.7000","4.6000,5.2000,5.0000,5.4000,4.3000",0.0784,0.0584,0.0494,0.0712,0.4574
5,5,S5_buffer_rank05,0.41679999999999995,0.5832,0.01366607129218928,2916,37.4,4.999999999999999,0.1599999999999993,3.6999999999999993,6.1,"A10,A3,A5,A7,A8","A3,A10,A5,A8,A7","4.9000,7.5000,7.3000,7.1000,3.7000","4.6000,5.0000,5.2000,5.4000,4.3000",0.074,0.0446,0.0614,0.0708,0.4532
5,6,S5_buffer_rank06,0.3788,0.6212,0.013445958852354115,3106,37.4,4.999999999999999,0.1599999999999993,3.6999999999999993,6.1,"A10,A3,A5,A7,A8","A8,A5,A10,A3,A7","4.1000,7.3000,7.5000,7.9000,3.7000","5.4000,5.2000,5.0000,4.6000,4.3000",0.205,0.0602,0.045,0.0268,0.456
5,7,S5_buffer_rank07,0.3772,0.6228,0.013434800234138206,3114,37.4,4.999999999999999,0.1599999999999993,3.6999999999999993,6.1,"A10,A3,A5,A7,A8","A8,A5,A3,A10,A7","4.1000,7.3000,7.9000,7.5000,3.7000","5.4000,5.2000,4.6000,5.0000,4.3000",0.2052,0.0582,0.0328,0.0526,0.4478
5,8,S5_buffer_rank08,0.4222,0.5778,0.013690488741137038,2889,37.4,4.999999999999999,0.1599999999999993,3.6999999999999993,6.1,"A10,A3,A5,A7,A8","A10,A8,A5,A3,A7","4.5000,7.1000,7.3000,7.9000,3.7000","5.0000,5.4000,5.2000,4.6000,4.3000",0.0992,0.0708,0.0578,0.029,0.449
5,9,S5_buffer_rank09,0.3438,0.6562,0.01316564432829628,3281,37.4,4.999999999999999,0.15999999999999973,3.6999999999999993,6.1,"A10,A3,A5,A7,A8","A5,A3,A10,A8,A7","4.3000,7.9000,7.5000,7.1000,3.7000","5.2000,4.6000,5.0000,5.4000,4.3000",0.2602,0.027,0.0456,0.0754,0.4548
5,10,S5_buffer_rank10,0.346,0.654,0.013185542191354892,3270,37.4,4.999999999999999,0.15999999999999973,3.6999999999999993,6.1,"A10,A3,A5,A7,A8","A5,A3,A8,A10,A7","4.3000,7.9000,7.1000,7.5000,3.7000","5.2000,4.6000,5.4000,5.0000,4.3000",0.2648,0.028,0.0692,0.0496,0.4476
5,11,S5_buffer_rank11,0.3468,0.6532,0.013192700451507266,3266,37.4,4.999999999999999,0.15999999999999975,3.6999999999999993,6.1,"A10,A3,A5,A7,A8","A5,A8,A10,A3,A7","4.3000,7.1000,7.5000,7.9000,3.7000","5.2000,5.4000,5.0000,4.6000,4.3000",0.2688,0.072,0.044,0.0286,0.4494
5,12,S5_buffer_rank12,0.349,0.651,0.01321217376815791,3255,37.4,4.999999999999999,0.15999999999999975,3.6999999999999993,6.1,"A10,A3,A5,A7,A8","A5,A8,A3,A10,A7","4.3000,7.1000,7.9000,7.5000,3.7000","5.2000,5.4000,4.6000,5.0000,4.3000",0.263,0.0666,0.0336,0.053,0.4434
5,13,S5_buffer_rank13,0.41900000000000004,0.581,0.013676222156721497,2905,37.4,5.0,0.1599999999999993,3.6999999999999993,6.1,"A10,A3,A5,A7,A8","A3,A8,A10,A5,A7","4.9000,7.1000,7.5000,7.3000,3.7000","4.6000,5.4000,5.0000,5.2000,4.3000",0.0754,0.071,0.0488,0.063,0.4494
5,14,S5_buffer_rank14,0.4254,0.5746,0.013704166383578388,2873,37.4,5.0,0.1599999999999993,3.6999999999999993,6.1,"A10,A3,A5,A7,A8","A3,A10,A8,A5,A7","4.9000,7.5000,7.1000,7.3000,3.7000","4.6000,5.0000,5.4000,5.2000,4.3000",0.0742,0.0484,0.0742,0.0612,0.4454
5,15,S5_buffer_rank15,0.379,0.621,0.013447342744200433,3105,37.4,5.0,0.1599999999999993,3.6999999999999993,6.1,"A10,A3,A5,A7,A8","A8,A3,A5,A10,A7","4.1000,7.9000,7.3000,7.5000,3.7000","5.4000,4.6000,5.2000,5.0000,4.3000",0.2074,0.027,0.0576,0.0518,0.4504
5,16,S5_buffer_rank16,0.3788,0.6212,0.013445958852354115,3106,37.4,5.0,0.1599999999999993,3.6999999999999993,6.1,"A10,A3,A5,A7,A8","A8,A3,A10,A5,A7","4.1000,7.9000,7.5000,7.3000,3.7000","5.4000,4.6000,5.0000,5.2000,4.3000",0.2052,0.0262,0.046,0.0636,0.4508
5,17,S5_buffer_rank17,0.41279999999999994,0.5872,0.01364689772993115,2936,37.4,5.0,0.1599999999999993,3.6999999999999993,6.1,"A10,A3,A5,A7,A8","A10,A5,A8,A3,A7","4.5000,7.3000,7.1000,7.9000,3.7000","5.0000,5.2000,5.4000,4.6000,4.3000",0.0958,0.0602,0.071,0.0298,0.4586
5,18,S5_buffer_rank18,0.4204,0.5796,0.013682536371184986,2898,37.4,5.0,0.1599999999999993,3.6999999999999993,6.1,"A10,A3,A5,A7,A8","A10,A5,A3,A8,A7","4.5000,7.3000,7.9000,7.1000,3.7000","5.0000,5.2000,4.6000,5.4000,4.3000",0.0986,0.058,0.0322,0.0722,0.4446
5,19,S5_buffer_rank19,0.3842,0.6158,0.013482474008697365,3079,37.4,5.0,0.1599999999999993,3.6999999999999993,6.1,"A10,A3,A5,A7,A8","A8,A10,A3,A5,A7","4.1000,7.5000,7.9000,7.3000,3.7000","5.4000,5.0000,4.6000,5.2000,4.3000",0.2056,0.0472,0.0308,0.0582,0.4452
5,20,S5_buffer_rank20,0.41579999999999995,0.5842,0.013661364785232843,2921,37.4,5.0,0.1599999999999993,3.6999999999999993,6.1,"A10,A3,A5,A7,A8","A10,A3,A8,A5,A7","4.5000,7.9000,7.1000,7.3000,3.7000","5.0000,4.6000,5.4000,5.2000,4.3000",0.098,0.0298,0.0702,0.0628,0.4456
6,1,S6_buffer_rank01,0.07440000000000002,0.9256,0.007273931550736508,4628,44.4,5.8,2.562399999999998,3.6999999999999993,5.4399999999999995,"A10,A3,A5,A7,A8,A9","A5,A10,A3,A9,A8,A7","4.3000,7.5000,7.9000,3.8000,3.7000","5.2000,5.0000,4.6000,8.7000,4.3000",0.2542,0.0438,0.0246,0.8024,0.4392
6,2,S6_buffer_rank02,0.053200000000000025,0.9468,0.006220939961388472,4734,44.4,5.8,2.562399999999998,3.6999999999999993,5.4399999999999995,"A10,A3,A5,A7,A8,A9","A5,A3,A10,A8,A9,A7","4.3000,7.9000,7.5000,3.8000,3.7000","5.2000,4.6000,5.0000,8.7000,4.3000",0.2464,0.0252,0.046,0.8642,0.4478
6,3,S6_buffer_rank03,0.07420000000000004,0.9258,0.007264932943613453,4629,44.4,5.8,2.562399999999998,3.6999999999999993,5.4399999999999995,"A10,A3,A5,A7,A8,A9","A5,A3,A10,A9,A8,A7","4.3000,7.9000,7.5000,3.8000,3.7000","5.2000,4.6000,5.0000,8.7000,4.3000",0.2588,0.0262,0.0482,0.8028,0.4388
6,4,S6_buffer_rank04,0.07420000000000004,0.9258,0.007264932943613453,4629,44.4,5.8,2.562399999999998,3.6999999999999993,5.4399999999999995,"A10,A3,A5,A7,A8,A9","A5,A9,A8,A10,A3,A7","4.3000,3.8000,7.5000,7.9000,3.7000","5.2000,8.7000,5.0000,4.6000,4.3000",0.253,0.8062,0.0542,0.025,0.4524
6,5,S6_buffer_rank05,0.047599999999999976,0.9524,0.005901796614320082,4762,44.4,5.8,2.562399999999998,3.6999999999999993,5.4399999999999995,"A10,A3,A5,A7,A8,A9","A5,A8,A9,A3,A10,A7","4.3000,3.8000,7.9000,7.5000,3.7000","5.2000,8.7000,4.6000,5.0000,4.3000",0.2578,0.8716,0.0288,0.0438,0.4484
6,6,S6_buffer_rank06,0.07720000000000005,0.9228,0.00739832681970728,4614,44.4,5.8,2.562399999999998,3.6999999999999993,5.4399999999999995,"A10,A3,A5,A7,A8,A9","A5,A10,A9,A8,A3,A7","4.3000,7.5000,3.8000,7.9000,3.7000","5.2000,5.0000,8.7000,4.6000,4.3000",0.2624,0.0472,0.8014,0.0296,0.4424
6,7,S6_buffer_rank07,0.07440000000000002,0.9256,0.007273931550736508,4628,44.4,5.8,2.562399999999998,3.6999999999999993,5.4399999999999995,"A10,A3,A5,A7,A8,A9","A5,A3,A9,A8,A10,A7","4.3000,7.9000,3.8000,7.5000,3.7000","5.2000,4.6000,8.7000,5.0000,4.3000",0.2586,0.026,0.8036,0.0474,0.4394
6,8,S6_buffer_rank08,0.054400000000000004,0.9456,0.006286721922019456,4728,44.4,5.8,2.562399999999998,3.6999999999999993,5.4399999999999995,"A10,A3,A5,A7,A8,A9","A5,A10,A8,A9,A3,A7","4.3000,7.5000,3.8000,7.9000,3.7000","5.2000,5.0000,8.7000,4.6000,4.3000",0.26,0.0466,0.874,0.028,0.4298
6,9,S6_buffer_rank09,0.07420000000000004,0.9258,0.007264932943613453,4629,44.4,5.8,2.562399999999998,3.6999999999999993,5.4399999999999995,"A10,A3,A5,A7,A8,A9","A5,A9,A8,A3,A10,A7","4.3000,3.8000,7.9000,7.5000,3.7000","5.2000,8.7000,4.6000,5.0000,4.3000",0.2556,0.8006,0.0294,0.045,0.4492
6,10,S6_buffer_rank10,0.050799999999999956,0.9492,0.006086698503721042,4746,44.4,5.8,2.562399999999998,3.6999999999999993,5.4399999999999995,"A10,A3,A5,A7,A8,A9","A5,A8,A9,A10,A3,A7","4.3000,3.8000,7.5000,7.9000,3.7000","5.2000,8.7000,5.0000,4.6000,4.3000",0.2592,0.8692,0.0494,0.0252,0.441
6,11,S6_buffer_rank11,0.049799999999999955,0.9502,0.0060296659664694505,4751,44.4,5.8,2.562399999999998,3.6999999999999993,5.4399999999999995,"A10,A3,A5,A7,A8,A9","A5,A10,A3,A8,A9,A7","4.3000,7.5000,7.9000,3.8000,3.7000","5.2000,5.0000,4.6000,8.7000,4.3000",0.2408,0.043,0.0278,0.864,0.445
6,12,S6_buffer_rank12,0.05359999999999998,0.9464,0.006242963989388372,4732,44.4,5.8,2.562399999999998,3.6999999999999993,5.4399999999999995,"A10,A3,A5,A7,A8,A9","A5,A3,A8,A9,A10,A7","4.3000,7.9000,3.8000,7.5000,3.7000","5.2000,4.6000,8.7000,5.0000,4.3000",0.261,0.0262,0.868,0.0452,0.4356
6,13,S6_buffer_rank13,0.06120000000000003,0.9388,0.006644056557495581,4694,44.4,5.8,2.5623999999999985,3.6999999999999993,5.4399999999999995,"A10,A3,A5,A7,A8,A9","A3,A5,A10,A8,A9,A7","4.9000,7.3000,7.5000,3.8000,3.7000","4.6000,5.2000,5.0000,8.7000,4.3000",0.0764,0.0574,0.0492,0.8688,0.4462
6,14,S6_buffer_rank14,0.09319999999999995,0.9068,0.00805813949266206,4534,44.4,5.8,2.5623999999999985,3.6999999999999993,5.4399999999999995,"A10,A3,A5,A7,A8,A9","A3,A5,A10,A9,A8,A7","4.9000,7.3000,7.5000,3.8000,3.7000","4.6000,5.2000,5.0000,8.7000,4.3000",0.0806,0.053,0.0508,0.8004,0.4378
6,15,S6_buffer_rank15,0.06379999999999997,0.9362,0.006774320300901041,4681,44.4,5.8,2.5623999999999985,3.6999999999999993,5.4399999999999995,"A10,A3,A5,A7,A8,A9","A10,A3,A5,A8,A9,A7","4.5000,7.9000,7.3000,3.8000,3.7000","5.0000,4.6000,5.2000,8.7000,4.3000",0.0878,0.0252,0.0566,0.8644,0.4454
6,16,S6_buffer_rank16,0.06220000000000003,0.9378,0.00669454978704319,4689,44.4,5.8,2.5623999999999985,3.6999999999999993,5.4399999999999995,"A10,A3,A5,A7,A8,A9","A3,A10,A5,A8,A9,A7","4.9000,7.5000,7.3000,3.8000,3.7000","4.6000,5.0000,5.2000,8.7000,4.3000",0.077,0.0446,0.06,0.8676,0.4456
6,17,S6_buffer_rank17,0.08699999999999997,0.913,0.007812069247004917,4565,44.4,5.8,2.5623999999999985,3.6999999999999993,5.4399999999999995,"A10,A3,A5,A7,A8,A9","A3,A10,A5,A9,A8,A7","4.9000,7.5000,7.3000,3.8000,3.7000","4.6000,5.0000,5.2000,8.7000,4.3000",0.0792,0.0416,0.0666,0.8046,0.446
6,18,S6_buffer_rank18,0.08699999999999997,0.913,0.007812069247004917,4565,44.4,5.8,2.5623999999999985,3.6999999999999993,5.4399999999999995,"A10,A3,A5,A7,A8,A9","A10,A3,A5,A9,A8,A7","4.5000,7.9000,7.3000,3.8000,3.7000","5.0000,4.6000,5.2000,8.7000,4.3000",0.0902,0.0272,0.0648,0.8086,0.4402
6,19,S6_buffer_rank19,0.06220000000000003,0.9378,0.00669454978704319,4689,44.4,5.8,2.5623999999999985,3.6999999999999993,5.4399999999999995,"A10,A3,A5,A7,A8,A9","A10,A5,A3,A8,A9,A7","4.5000,7.3000,7.9000,3.8000,3.7000","5.0000,5.2000,4.6000,8.7000,4.3000",0.0872,0.0542,0.0282,0.8652,0.4462
6,20,S6_buffer_rank20,0.08620000000000005,0.9138,0.007779474811271004,4569,44.4,5.8,2.5623999999999985,3.6999999999999993,5.4399999999999995,"A10,A3,A5,A7,A8,A9","A10,A5,A3,A9,A8,A7","4.5000,7.3000,7.9000,3.8000,3.7000","5.0000,5.2000,4.6000,8.7000,4.3000",0.0908,0.0534,0.025,0.8078,0.4428
7,1,S7_buffer_rank01,0.02859999999999996,0.9714,0.004620118718474664,4857,53.00000000000001,6.0,3.9239999999999973,3.6999999999999993,4.7,"A1,A10,A3,A5,A7,A8,A9","A3,A5,A1,A10,A8,A9,A7","4.9000,7.3000,3.8000,3.8000,3.7000","4.6000,5.2000,8.7000,8.7000,4.3000",0.0802,0.0636,0.56,0.8658,0.4404
7,2,S7_buffer_rank02,0.008600000000000052,0.9914,0.002559438815990732,4957,53.00000000000001,6.0,3.9239999999999973,3.6999999999999993,4.7,"A1,A10,A3,A5,A7,A8,A9","A3,A5,A8,A9,A10,A1,A7","4.9000,7.3000,3.8000,3.8000,3.7000","4.6000,5.2000,8.7000,8.7000,4.3000",0.0728,0.0584,0.873,0.8558,0.4488
7,3,S7_buffer_rank03,0.040000000000000036,0.96,0.005431711332536002,4800,53.00000000000001,6.0,3.9239999999999973,3.6999999999999993,4.7,"A1,A10,A3,A5,A7,A8,A9","A3,A5,A1,A10,A9,A8,A7","4.9000,7.3000,3.8000,3.8000,3.7000","4.6000,5.2000,8.7000,8.7000,4.3000",0.0782,0.0636,0.5632,0.799,0.4494
7,4,S7_buffer_rank04,0.04139999999999999,0.9586,0.005521917986786837,4793,53.00000000000001,6.0,3.9239999999999973,3.6999999999999993,4.7,"A1,A10,A3,A5,A7,A8,A9","A3,A5,A9,A8,A1,A10,A7","4.9000,7.3000,3.8000,3.8000,3.7000","4.6000,5.2000,8.7000,8.7000,4.3000",0.0752,0.0566,0.7966,0.5662,0.4446
7,5,S7_buffer_rank05,0.013000000000000012,0.987,0.003139795203512485,4935,53.00000000000001,6.0,3.9239999999999973,3.6999999999999993,4.7,"A1,A10,A3,A5,A7,A8,A9","A3,A5,A9,A8,A10,A1,A7","4.9000,7.3000,3.8000,3.8000,3.7000","4.6000,5.2000,8.7000,8.7000,4.3000",0.0774,0.062,0.7988,0.8584,0.4326
7,6,S7_buffer_rank06,0.023399999999999976,0.9766,0.004190225137245012,4883,53.00000000000001,6.0,3.9239999999999973,3.6999999999999993,4.7,"A1,A10,A3,A5,A7,A8,A9","A3,A5,A8,A9,A1,A10,A7","4.9000,7.3000,3.8000,3.8000,3.7000","4.6000,5.2000,8.7000,8.7000,4.3000",0.0784,0.0626,0.8704,0.573,0.4414
7,7,S7_buffer_rank07,0.008600000000000052,0.9914,0.002559438815990732,4957,53.00000000000001,6.0,3.9239999999999973,3.6999999999999993,4.7,"A1,A10,A3,A5,A7,A8,A9","A3,A5,A10,A1,A8,A9,A7","4.9000,7.3000,3.8000,3.8000,3.7000","4.6000,5.2000,8.7000,8.7000,4.3000",0.0742,0.065,0.8522,0.8742,0.4412
7,8,S7_buffer_rank08,0.010800000000000032,0.9892,0.0028650024703654312,4946,53.00000000000001,6.0,3.9239999999999973,3.6999999999999993,4.7,"A1,A10,A3,A5,A7,A8,A9","A3,A8,A9,A5,A10,A1,A7","4.9000,3.8000,7.3000,3.8000,3.7000","4.6000,8.7000,5.2000,8.7000,4.3000",0.0798,0.8708,0.0644,0.8476,0.441
7,9,S7_buffer_rank09,0.026800000000000046,0.9732,0.004476509560271264,4866,53.00000000000001,6.0,3.9239999999999973,3.6999999999999993,4.7,"A1,A10,A3,A5,A7,A8,A9","A3,A1,A10,A8,A9,A5,A7","4.9000,3.8000,3.8000,7.3000,3.7000","4.6000,8.7000,8.7000,5.2000,4.3000",0.0826,0.5622,0.8692,0.0576,0.439
7,10,S7_buffer_rank10,0.03939999999999999,0.9606,0.005392503942029156,4803,53.00000000000001,6.0,3.9239999999999973,3.6999999999999993,4.7,"A1,A10,A3,A5,A7,A8,A9","A3,A1,A10,A5,A9,A8,A7","4.9000,3.8000,7.3000,3.8000,3.7000","4.6000,8.7000,5.2000,8.7000,4.3000",0.0824,0.565,0.062,0.8008,0.4428
7,11,S7_buffer_rank11,0.0262,0.9738,0.0044274799174248095,4869,53.00000000000001,6.0,3.9239999999999973,3.6999999999999993,4.7,"A1,A10,A3,A5,A7,A8,A9","A3,A1,A10,A5,A8,A9,A7","4.9000,3.8000,7.3000,3.8000,3.7000","4.6000,8.7000,5.2000,8.7000,4.3000",0.0744,0.5632,0.0612,0.8762,0.4456
7,12,S7_buffer_rank12,0.02980000000000005,0.9702,0.004713134530988908,4851,53.00000000000001,6.0,3.9239999999999973,3.6999999999999993,4.7,"A1,A10,A3,A5,A7,A8,A9","A3,A8,A9,A5,A1,A10,A7","4.9000,3.8000,7.3000,3.8000,3.7000","4.6000,8.7000,5.2000,8.7000,4.3000",0.0778,0.8606,0.0618,0.5738,0.451
7,13,S7_buffer_rank13,0.014599999999999946,0.9854,0.0033247100488313203,4927,53.00000000000001,6.0,3.9239999999999973,3.6999999999999993,4.7,"A1,A10,A3,A5,A7,A8,A9","A3,A5,A10,A1,A9,A8,A7","4.9000,7.3000,3.8000,3.8000,3.7000","4.6000,5.2000,8.7000,8.7000,4.3000",0.0746,0.0628,0.8546,0.8088,0.4344
7,14,S7_buffer_rank14,0.038799999999999946,0.9612,0.005352957718794345,4806,53.00000000000001,6.0,3.9239999999999973,3.6999999999999993,4.7,"A1,A10,A3,A5,A7,A8,A9","A3,A1,A10,A9,A8,A5,A7","4.9000,3.8000,3.8000,7.3000,3.7000","4.6000,8.7000,8.7000,5.2000,4.3000",0.0776,0.5602,0.8026,0.0552,0.44
7,15,S7_buffer_rank15,0.009000000000000008,0.991,0.0026177559244513243,4955,53.00000000000001,6.0,3.9239999999999973,3.6999999999999993,4.7,"A1,A10,A3,A5,A7,A8,A9","A3,A8,A9,A10,A1,A5,A7","4.9000,3.8000,3.8000,7.3000,3.7000","4.6000,8.7000,8.7000,5.2000,4.3000",0.0772,0.8774,0.8462,0.0592,0.441
7,16,S7_buffer_rank16,0.012599999999999945,0.9874,0.003091739561606048,4937,53.00000000000001,6.0,3.9239999999999973,3.6999999999999993,4.7,"A1,A10,A3,A5,A7,A8,A9","A3,A9,A8,A10,A1,A5,A7","4.9000,3.8000,3.8000,7.3000,3.7000","4.6000,8.7000,8.7000,5.2000,4.3000",0.0832,0.7968,0.8572,0.054,0.4342
7,17,S7_buffer_rank17,0.04179999999999995,0.9582,0.005547372041174088,4791,53.00000000000001,6.0,3.9239999999999973,3.6999999999999993,4.7,"A1,A10,A3,A5,A7,A8,A9","A3,A9,A8,A1,A10,A5,A7","4.9000,3.8000,3.8000,7.3000,3.7000","4.6000,8.7000,8.7000,5.2000,4.3000",0.0784,0.7996,0.5584,0.058,0.4442
7,18,S7_buffer_rank18,0.038799999999999946,0.9612,0.005352957718794345,4806,53.00000000000001,6.0,3.9239999999999973,3.6999999999999993,4.7,"A1,A10,A3,A5,A7,A8,A9","A3,A9,A8,A5,A1,A10,A7","4.9000,3.8000,7.3000,3.8000,3.7000","4.6000,8.7000,5.2000,8.7000,4.3000",0.0788,0.7988,0.0598,0.5622,0.4434
7,19,S7_buffer_rank19,0.031200000000000006,0.9688,0.004819094373344436,4844,53.00000000000001,6.0,3.9239999999999973,3.6999999999999993,4.7,"A1,A10,A3,A5,A7,A8,A9","A3,A8,A9,A1,A10,A5,A7","4.9000,3.8000,3.8000,7.3000,3.7000","4.6000,8.7000,8.7000,5.2000,4.3000",0.0818,0.8722,0.5532,0.0556,0.4424
7,20,S7_buffer_rank20,0.014800000000000035,0.9852,0.003347064861516733,4926,53.00000000000001,6.0,3.9239999999999973,3.6999999999999993,4.7,"A1,A10,A3,A5,A7,A8,A9","A3,A9,A8,A5,A10,A1,A7","4.9000,3.8000,7.3000,3.8000,3.7000","4.6000,8.7000,5.2000,8.7000,4.3000",0.0722,0.8076,0.0618,0.8568,0.4414
8,1,S8_buffer_rank01,0.0011999999999999789,0.9988,0.000959623686243719,4994,60.800000000000004,7.8999999999999995,1.6375999999999997,2.1000000000000014,3.520000000000001,"A1,A10,A3,A5,A6,A7,A8,A9","A3,A7,A8,A9,A1,A10,A6,A5","2.1000,3.8000,3.8000,5.1000,2.8000","7.4000,8.7000,8.7000,7.4000,5.2000",0.93,0.8662,0.562,0.217,0.6072
8,2,S8_buffer_rank02,0.00019999999999997797,0.9998,0.0003919607980397824,4999,60.800000000000004,7.8999999999999995,1.6375999999999997,2.1000000000000014,3.520000000000001,"A1,A10,A3,A5,A6,A7,A8,A9","A3,A7,A9,A8,A10,A1,A6,A5","2.1000,3.8000,3.8000,5.1000,2.8000","7.4000,8.7000,8.7000,7.4000,5.2000",0.9266,0.8068,0.8686,0.226,0.5966
8,3,S8_buffer_rank03,0.0026000000000000467,0.9974,0.0014115375151939943,4987,60.800000000000004,7.8999999999999995,1.6375999999999997,2.1000000000000014,3.520000000000001,"A1,A10,A3,A5,A6,A7,A8,A9","A3,A7,A9,A8,A1,A10,A6,A5","2.1000,3.8000,3.8000,5.1000,2.8000","7.4000,8.7000,8.7000,7.4000,5.2000",0.9262,0.7974,0.5668,0.2162,0.6034
8,4,S8_buffer_rank04,0.00039999999999995595,0.9996,0.0005542608310172803,4998,60.800000000000004,7.8999999999999995,1.6375999999999997,2.1000000000000014,3.520000000000001,"A1,A10,A3,A5,A6,A7,A8,A9","A3,A7,A8,A9,A10,A1,A6,A5","2.1000,3.8000,3.8000,5.1000,2.8000","7.4000,8.7000,8.7000,7.4000,5.2000",0.9268,0.869,0.865,0.2168,0.6042
8,5,S8_buffer_rank05,0.00039999999999995595,0.9996,0.0005542608310172803,4998,60.800000000000004,7.8999999999999995,1.933599999999999,2.1000000000000014,3.520000000000001,"A1,A10,A3,A5,A6,A7,A8,A9","A3,A7,A6,A5,A1,A8,A9,A10","2.1000,5.1000,3.6000,3.8000,3.0000","7.4000,7.4000,8.9000,8.7000,5.0000",0.9258,0.2214,0.8848,0.873,0.5608
8,6,S8_buffer_rank06,0.00039999999999995595,0.9996,0.0005542608310172803,4998,60.800000000000004,7.8999999999999995,1.933599999999999,2.1000000000000014,3.520000000000001,"A1,A10,A3,A5,A6,A7,A8,A9","A3,A7,A5,A1,A6,A8,A9,A10","2.1000,3.6000,5.1000,3.8000,3.0000","7.4000,8.9000,7.4000,8.7000,5.0000",0.9282,0.873,0.2256,0.8774,0.5478
8,7,S8_buffer_rank07,0.0006000000000000449,0.9994,0.0006787601968295094,4997,60.800000000000004,7.8999999999999995,1.933599999999999,2.1000000000000014,3.520000000000001,"A1,A10,A3,A5,A6,A7,A8,A9","A3,A7,A6,A5,A1,A9,A8,A10","2.1000,5.1000,3.6000,3.8000,3.0000","7.4000,7.4000,8.9000,8.7000,5.0000",0.928,0.2226,0.8828,0.805,0.563
8,8,S8_buffer_rank08,0.0006000000000000449,0.9994,0.0006787601968295094,4997,60.800000000000004,7.8999999999999995,1.933599999999999,2.1000000000000014,3.520000000000001,"A1,A10,A3,A5,A6,A7,A8,A9","A3,A7,A5,A1,A6,A9,A8,A10","2.1000,3.6000,5.1000,3.8000,3.0000","7.4000,8.9000,7.4000,8.7000,5.0000",0.93,0.8834,0.218,0.804,0.5578
8,9,S8_buffer_rank09,0.0016000000000000458,0.9984,0.0011078560830721808,4992,60.800000000000004,7.9,1.6375999999999997,2.1000000000000014,3.520000000000001,"A1,A10,A3,A5,A6,A7,A8,A9","A3,A7,A6,A8,A9,A1,A10,A5","2.1000,5.1000,3.8000,3.8000,2.8000","7.4000,7.4000,8.7000,8.7000,5.2000",0.933,0.2108,0.8714,0.5558,0.6162
8,10,S8_buffer_rank10,0.0010000000000000009,0.999,0.0008761002682341792,4995,60.800000000000004,7.9,1.6375999999999997,2.1000000000000014,3.520000000000001,"A1,A10,A3,A5,A6,A7,A8,A9","A3,A7,A6,A9,A8,A1,A10,A5","2.1000,5.1000,3.8000,3.8000,2.8000","7.4000,7.4000,8.7000,8.7000,5.2000",0.9262,0.2164,0.8024,0.5676,0.6172
8,11,S8_buffer_rank11,0.00039999999999995595,0.9996,0.0005542608310172803,4998,60.800000000000004,7.9,1.6375999999999997,2.1000000000000014,3.520000000000001,"A1,A10,A3,A5,A6,A7,A8,A9","A3,A7,A6,A8,A9,A10,A1,A5","2.1000,5.1000,3.8000,3.8000,2.8000","7.4000,7.4000,8.7000,8.7000,5.2000",0.925,0.2126,0.8694,0.8582,0.6174
8,12,S8_buffer_rank12,0.00039999999999995595,0.9996,0.0005542608310172803,4998,60.800000000000004,7.9,1.6375999999999997,2.1000000000000014,3.520000000000001,"A1,A10,A3,A5,A6,A7,A8,A9","A3,A7,A6,A9,A8,A10,A1,A5","2.1000,5.1000,3.8000,3.8000,2.8000","7.4000,7.4000,8.7000,8.7000,5.2000",0.9218,0.2246,0.8074,0.8558,0.6122
8,13,S8_buffer_rank13,0.00039999999999995595,0.9996,0.0005542608310172803,4998,60.800000000000004,7.9,1.6375999999999997,2.1000000000000014,3.520000000000001,"A1,A10,A3,A5,A6,A7,A8,A9","A3,A7,A6,A10,A1,A8,A9,A5","2.1000,5.1000,3.8000,3.8000,2.8000","7.4000,7.4000,8.7000,8.7000,5.2000",0.9282,0.2208,0.8582,0.8788,0.6084
8,14,S8_buffer_rank14,0.0010000000000000009,0.999,0.0008761002682341792,4995,60.800000000000004,7.9,1.6375999999999997,2.1000000000000014,3.520000000000001,"A1,A10,A3,A5,A6,A7,A8,A9","A3,A7,A6,A10,A1,A9,A8,A5","2.1000,5.1000,3.8000,3.8000,2.8000","7.4000,7.4000,8.7000,8.7000,5.2000",0.9296,0.22,0.8528,0.805,0.6118
8,15,S8_buffer_rank15,0.0008000000000000229,0.9992,0.0007836863372549106,4996,60.800000000000004,7.9,1.6375999999999997,2.1000000000000014,3.520000000000001,"A1,A10,A3,A5,A6,A7,A8,A9","A3,A7,A1,A10,A6,A8,A9,A5","2.1000,3.8000,5.1000,3.8000,2.8000","7.4000,8.7000,7.4000,8.7000,5.2000",0.9248,0.5624,0.232,0.8816,0.6134
8,16,S8_buffer_rank16,0.0013999999999999568,0.9986,0.0010364082655015673,4993,60.800000000000004,7.9,1.6375999999999997,2.1000000000000014,3.520000000000001,"A1,A10,A3,A5,A6,A7,A8,A9","A3,A7,A9,A8,A6,A10,A1,A5","2.1000,3.8000,5.1000,3.8000,2.8000","7.4000,8.7000,7.4000,8.7000,5.2000",0.9246,0.799,0.2306,0.8586,0.6144
8,17,S8_buffer_rank17,0.0018000000000000238,0.9982,0.0011749411232908728,4991,60.800000000000004,7.9,1.6375999999999997,2.1000000000000014,3.520000000000001,"A1,A10,A3,A5,A6,A7,A8,A9","A3,A7,A8,A9,A6,A1,A10,A5","2.1000,3.8000,5.1000,3.8000,2.8000","7.4000,8.7000,7.4000,8.7000,5.2000",0.9276,0.864,0.2128,0.57,0.5946
8,18,S8_buffer_rank18,0.0026000000000000467,0.9974,0.0014115375151939943,4987,60.800000000000004,7.9,1.6375999999999997,2.1000000000000014,3.520000000000001,"A1,A10,A3,A5,A6,A7,A8,A9","A3,A7,A9,A8,A6,A1,A10,A5","2.1000,3.8000,5.1000,3.8000,2.8000","7.4000,8.7000,7.4000,8.7000,5.2000",0.9288,0.7904,0.2214,0.5584,0.6182
8,19,S8_buffer_rank19,0.0021999999999999797,0.9978,0.0012986860017725548,4989,60.800000000000004,7.9,1.6375999999999997,2.1000000000000014,3.520000000000001,"A1,A10,A3,A5,A6,A7,A8,A9","A3,A7,A1,A10,A6,A9,A8,A5","2.1000,3.8000,5.1000,3.8000,2.8000","7.4000,8.7000,7.4000,8.7000,5.2000",0.928,0.5658,0.228,0.8018,0.6124
8,20,S8_buffer_rank20,0.00039999999999995595,0.9996,0.0005542608310172803,4998,60.800000000000004,7.9,1.6375999999999997,2.1000000000000014,3.520000000000001,"A1,A10,A3,A5,A6,A7,A8,A9","A3,A7,A8,A9,A6,A10,A1,A5","2.1000,3.8000,5.1000,3.8000,2.8000","7.4000,8.7000,7.4000,8.7000,5.2000",0.927,0.86,0.2222,0.863,0.6052
